id,cycle,setting1,setting2,setting3,s1,s2,s3,s4,s5,s6,s7,s8,s9,s10,s11,s12,s13,s14,s15,s16,s17,s18,s19,s20,s21,av1,av2,av3,av4,av5,av6,av7,av8,av9,av10,av11,av12,av13,av14,av15,av16,av17,av18,av19,av20,av21,sd1,sd2,sd3,sd4,sd5,sd6,sd7,sd8,sd9,sd10,sd11,sd12,sd13,sd14,sd15,sd16,sd17,sd18,sd19,sd20,sd21,ttf,label_bnc,label_mcc
1,31,-0.0006,0.0004,100.0,518.67,642.58,1581.22,1398.91,14.62,21.61,554.42,2388.08,9056.4,1.3,47.23,521.79,2388.06,8130.11,8.4024,0.03,393,2388,100.0,38.81,23.3552,518.67,642.2660000000002,1586.9980000000005,1399.9179999999992,14.62,21.61,554.116,2388.0819999999994,9050.324,1.3,47.28800000000003,521.924,2388.0639999999994,8132.031999999997,8.426199999999998,0.03,392.0,2388.0,100.0,38.92400000000001,23.3735,0.0,0.3938654592624211,4.683862722155502,1.3626885190689544,0.0,0.0,0.3382750360284471,0.0083666002600156,5.200800899859875,0.0,0.1522169504358856,0.2615912842584111,0.0288097205821689,3.302941113613403,0.0211740407102671,0.0,0.7071067811865526,0.0,0.0,0.1240161279834088,0.0250372722156374,112,0,0
2,49,0.0018,-0.0001,100.0,518.67,642.55,1586.59,1410.83,14.62,21.61,553.52,2388.1,9044.77,1.3,47.67,521.74,2388.09,8126.9,8.4505,0.03,391,2388,100.0,38.81,23.2618,518.67,642.672,1588.342,1406.7779999999998,14.62,21.61,553.7480000000003,2388.108,9047.031999999996,1.3,47.506,521.5960000000005,2388.1020000000003,8127.671999999999,8.442259999999996,0.03,392.2,2388.0,100.0,38.902,23.274339999999988,0.0,0.1678392087684936,1.5596698368567514,4.535578243179073,0.0,0.0,0.3577289476685951,0.0443846820425485,3.0449006551968334,0.0,0.0983869910099889,0.450255483031618,0.0083666002655233,1.3700620423920848,0.011429260693497,0.0,1.0954451150103337,0.0,0.0,0.069785385289437,0.0278204600968269,98,0,0
3,126,-0.0016,0.0004,100.0,518.67,642.88,1589.75,1418.89,14.62,21.61,552.59,2388.16,9049.26,1.3,47.88,520.83,2388.14,8131.46,8.4119,0.03,395,2388,100.0,38.93,23.274,518.67,642.874,1592.6399999999996,1413.3499999999983,14.62,21.61,552.702,2388.166,9047.406000000008,1.3,47.705999999999975,520.722,2388.1740000000023,8129.665999999996,8.458679999999992,0.03,394.2,2388.0,100.0,38.68600000000002,23.24412,0.0,0.2873673607078637,4.205151602499044,3.357975580612527,0.0,0.0,0.2926089540655903,0.0288097205810906,1.6087821481110829,0.0,0.1119374825516391,0.4182343840481659,0.0296647939507451,2.979090465227215,0.0309242946564647,0.0,0.8366600265339541,0.0,0.0,0.1436314728741218,0.0189664704149189,69,0,0
4,106,0.0012,0.0004,100.0,518.67,642.78,1594.53,1406.88,14.62,21.61,552.64,2388.13,9051.3,1.3,47.65,521.88,2388.11,8133.64,8.4634,0.03,395,2388,100.0,38.58,23.2581,518.67,642.7860000000002,1591.918000000001,1410.735999999999,14.62,21.61,553.4440000000001,2388.115999999999,9054.800000000008,1.3,47.64199999999997,521.4340000000004,2388.114,8134.327999999997,8.451819999999996,0.03,393.6,2388.0,100.0,38.75799999999999,23.25155999999999,0.0,0.1064424727246457,2.8186113602275222,5.282104694153194,0.0,0.0,0.5909991539756829,0.0581377674161349,4.536805043195687,0.0,0.0465832587953953,0.3632905173549485,0.0270185121725884,0.6229526466751222,0.0212488117314818,0.0,1.3416407864999258,0.0,0.0,0.1263724653554253,0.0211059944092018,82,0,0
5,98,-0.0013,-0.0004,100.0,518.67,642.27,1589.94,1419.36,14.62,21.61,553.29,2388.1,9053.99,1.3,47.46,521.0,2388.15,8125.74,8.4362,0.03,394,2388,100.0,38.75,23.4117,518.67,642.7020000000002,1591.5679999999998,1411.7959999999985,14.62,21.61,553.1579999999999,2388.1219999999994,9053.330000000007,1.3,47.53600000000007,521.0619999999992,2388.134000000001,8128.798000000002,8.436620000000001,0.03,393.4,2388.0,100.0,38.81000000000004,23.291139999999988,0.0,0.2595573154431009,1.4966195241287077,5.30973916496788,0.0,0.0,0.45416957185665,0.0389871773777992,3.2127169187446776,0.0,0.1591540134586674,0.260230666908972,0.0230217288657048,1.9236085880545408,0.0096274087894878,0.0,0.54772255750517,0.0,0.0,0.0919238815542311,0.1011001137486981,91,0,0
6,105,0.0076,-0.0003,100.0,518.67,643.05,1586.94,1404.49,14.62,21.61,553.73,2388.14,9055.83,1.3,47.51,521.56,2388.15,8139.02,8.4452,0.03,393,2388,100.0,38.91,23.3269,518.67,642.5860000000002,1588.9340000000004,1406.0440000000003,14.62,21.610000000000007,553.2900000000001,2388.146,9052.462000000003,1.3,47.51599999999998,521.382,2388.1160000000004,8132.737999999992,8.448739999999997,0.03,392.8,2388.0,100.0,38.77400000000002,23.28456000000002,0.0,0.5124743896039707,1.8606531111416569,1.7129594274228288,0.0,0.0,0.3166228039806709,0.0260768096219204,2.259617224219727,0.0,0.0698569967862921,0.2057182539298176,0.028809720582823,4.295633829833448,0.0074875229549046,0.0,0.4472135954999214,0.0,0.0,0.1533949151699806,0.0717942755378168,93,0,0
7,160,0.0016,-0.0001,100.0,518.67,642.1,1589.59,1413.57,14.62,21.61,553.42,2388.04,9070.99,1.3,47.32,522.32,2388.07,8149.19,8.4028,0.03,393,2388,100.0,38.91,23.2763,518.67,642.2159999999997,1587.0220000000013,1407.3720000000012,14.62,21.609999999999992,553.876,2388.028,9067.831999999991,1.3,47.35000000000001,522.1920000000003,2388.054000000001,8145.867999999997,8.424100000000006,0.03,393.0,2388.0,100.0,38.95600000000002,23.331979999999994,0.0,0.3095642098176907,3.2244798030052317,5.812793648493432,0.0,0.0,0.4504220243281544,0.0216794833892918,7.970515667141582,0.0,0.0897217922246635,0.3264506088220136,0.0320936130736136,2.739885034095434,0.0167182534972854,0.0,0.0,0.0,0.0,0.0983869910100144,0.0636944817076081,91,0,0
8,166,0.0016,-0.0005,100.0,518.67,642.59,1591.91,1413.89,14.62,21.61,553.51,2388.14,9049.96,1.3,47.59,520.53,2388.12,8127.84,8.4744,0.03,393,2388,100.0,38.73,23.2465,518.67,642.8900000000003,1592.4359999999986,1410.1760000000006,14.62,21.610000000000007,553.1840000000007,2388.1299999999983,9049.198,1.3,47.54600000000005,520.8919999999996,2388.1159999999995,8129.840000000002,8.453900000000008,0.03,392.8,2388.0,100.0,38.77999999999995,23.291980000000013,0.0,0.261055549645023,3.8163241476579697,4.324191253865531,0.0,0.0,0.3369421315295773,0.0264575131137929,3.1616641187854624,0.0,0.050299105359901,0.2071714266034172,0.0230217288634752,2.017424100184181,0.0183013660692277,0.0,0.4472135954998737,0.0,0.0,0.0543139024560607,0.0364366848107698,95,0,0
9,55,-0.0003,0.0004,100.0,518.67,642.27,1593.61,1410.27,14.62,21.61,552.58,2388.13,9057.57,1.3,47.58,521.65,2388.16,8134.76,8.4293,0.03,392,2388,100.0,38.78,23.3515,518.67,642.5500000000002,1588.5799999999992,1407.5300000000009,14.62,21.61,553.2520000000001,2388.134,9052.438,1.3,47.58399999999999,521.5279999999999,2388.142000000001,8133.514000000001,8.443319999999996,0.03,392.8,2388.0,100.0,38.794,23.339059999999996,0.0,0.3447462835188152,3.6429589621623006,2.5808428855703345,0.0,0.0,0.5222738745141479,0.005477225577392,4.2205651280368,0.0,0.0923579991121556,0.3614830563110531,0.0383405790250944,3.9095562408037368,0.0135250508317042,0.0,0.836660026534107,0.0,0.0,0.0151657508880832,0.0479284153712667,111,0,0
10,192,-0.0018,0.0004,100.0,518.67,643.0,1589.5,1398.99,14.62,21.61,552.88,2388.11,9060.88,1.3,47.59,521.82,2388.08,8141.91,8.4194,0.03,393,2388,100.0,38.79,23.2956,518.67,642.7979999999997,1589.7240000000013,1403.657999999998,14.62,21.609999999999992,553.5739999999997,2388.0939999999973,9061.646000000004,1.3,47.43599999999993,521.5459999999996,2388.055999999999,8140.204000000002,8.430100000000005,0.03,392.8,2388.0,100.0,38.86400000000003,23.27929999999996,0.0,0.2350957251831617,4.12861114661973,6.2763739531662965,0.0,4.584754041283209e-09,0.4933862584225419,0.0328633534500811,2.6367745447844246,0.0,0.1786896751353928,0.1614930339060852,0.0167332005231146,3.062242642252466,0.0304894243960182,0.0,0.8366600265340348,0.0,0.0,0.087920418561333,0.0558610329299278,96,0,0
11,83,0.0001,0.0004,100.0,518.67,642.42,1587.73,1414.22,14.62,21.61,552.8,2388.21,9037.11,1.3,47.67,520.74,2388.18,8116.85,8.464,0.03,394,2388,100.0,38.66,23.2908,518.67,642.8,1592.3780000000008,1415.5580000000004,14.62,21.61,553.1919999999999,2388.1940000000004,9035.544,1.3,47.58999999999993,520.8539999999996,2388.1540000000014,8117.525999999996,8.449059999999998,0.03,392.6,2388.0,100.0,38.722,23.26473999999998,0.0,0.3153569406244054,5.906282248589159,4.898134338703557,0.0,0.0,0.4130617387269443,0.0415932686874381,3.631236703927578,0.0,0.1214495780149075,0.3236201477037513,0.040987803063483,1.3848573933700696,0.0132434134572588,0.0,1.3416407864998146,0.0,0.0,0.0960208310732872,0.044461140336257,97,0,0
12,217,0.0013,0.0003,100.0,518.67,642.59,1595.9,1409.64,14.62,21.61,553.36,2388.04,9074.24,1.3,47.37,522.03,2388.02,8155.74,8.4482,0.03,393,2388,100.0,38.81,23.2861,518.67,642.4459999999999,1587.833999999999,1407.396000000001,14.62,21.610000000000007,553.8019999999999,2388.045999999997,9069.729999999996,1.3,47.40600000000004,521.8180000000006,2388.056000000002,8150.048000000002,8.430579999999992,0.03,392.4,2388.0,100.0,38.78399999999996,23.326620000000013,0.0,0.2773625785848539,5.075882189333624,2.3236458421994355,0.0,0.0,0.3032655601959,0.0313049516860405,4.463496387400196,0.0,0.046151923037005,0.2995329698048684,0.0403732584770807,3.28599604381963,0.0209869483250965,0.0,0.5477225575056143,0.0,0.0,0.0497995983918954,0.0408097659881217,124,0,0
13,195,0.0032,-0.0004,100.0,518.67,642.37,1591.31,1414.51,14.62,21.61,553.28,2388.1,9060.92,1.3,47.52,521.3,2388.12,8146.8,8.4336,0.03,394,2388,100.0,38.75,23.282,518.67,642.4999999999995,1590.5680000000011,1410.2700000000016,14.62,21.610000000000007,553.5019999999994,2388.073999999999,9061.70199999999,1.3,47.47799999999994,521.6819999999996,2388.0879999999997,8146.006000000006,8.424179999999991,0.03,393.4,2388.0,100.0,38.85799999999999,23.309119999999982,0.0,0.1099999999993496,3.0645015908003934,3.4313918458820027,0.0,0.0,0.4394542069421693,0.0357770876411223,1.8604219951346976,0.0,0.0593295878967968,0.3380384593500073,0.0443846820393205,3.4005558369157804,0.0209598902668815,0.0,1.1401754250991694,0.0,0.0,0.0988433103451442,0.0445586916325321,95,0,0
14,46,0.0013,-0.0002,100.0,518.67,642.91,1591.39,1408.35,14.62,21.61,553.75,2388.17,9037.35,1.3,47.57,520.66,2388.1,8118.1,8.4233,0.03,393,2388,100.0,38.69,23.2603,518.67,642.742,1593.5799999999997,1411.0460000000005,14.62,21.61,553.2860000000003,2388.172000000001,9036.736,1.3,47.64400000000003,521.0440000000003,2388.154,8118.444,8.436600000000004,0.03,393.0,2388.0,100.0,38.80599999999998,23.275819999999975,0.0,0.1654388104405549,3.960612326397179,4.34615117086363,0.0,0.0,0.3184022612986723,0.036331804249292,4.930150099133675,0.0,0.1246194206373927,0.3103707460441421,0.047222875812691,3.279547224847934,0.0179865227323134,0.0,0.7071067811865878,0.0,0.0,0.0702139587261578,0.0331726845461724,107,0,0
15,76,-0.0012,-0.0,100.0,518.67,642.49,1589.21,1400.61,14.62,21.61,554.08,2388.1,9056.1,1.3,47.25,522.12,2388.11,8139.75,8.4067,0.03,392,2388,100.0,39.17,23.4085,518.67,642.4800000000001,1592.5000000000005,1402.6740000000002,14.62,21.610000000000007,554.2620000000001,2388.0680000000016,9056.588000000003,1.3,47.342,521.8559999999998,2388.070000000001,8134.041999999999,8.41562,0.03,392.6,2388.0,100.0,39.01999999999998,23.3759,0.0,0.3300000000000785,4.8083625071321086,5.262488004737043,0.0,0.0,0.3000333314819909,0.0363318042482033,4.445151291010266,0.0,0.1134460224071354,0.3162751966241294,0.0393700393700554,4.040664549301676,0.0059562572140578,0.0,0.8944271910000116,0.0,0.0,0.089442719099976,0.0710610652889505,83,0,0
16,113,-0.0005,0.0002,100.0,518.67,642.99,1587.03,1401.0,14.62,21.61,554.6,2388.08,9059.75,1.3,47.37,521.77,2388.08,8147.4,8.4299,0.03,391,2388,100.0,38.81,23.304,518.67,642.4939999999998,1587.0759999999996,1400.9939999999986,14.62,21.610000000000007,554.2020000000006,2388.052,9062.124000000003,1.3,47.33800000000009,521.6620000000003,2388.054000000001,8144.983999999999,8.422339999999997,0.03,391.8,2388.0,100.0,38.91599999999998,23.32860000000003,0.0,0.3013801586035987,3.9179241952844586,1.885531755235605,0.0,0.0,0.2378444870082084,0.0311448230049752,2.6672139021797654,0.0,0.0589067059000994,0.2194766502397459,0.0181659021240406,5.584839299375121,0.0088810472355437,0.0,1.09544511501034,0.0,0.0,0.0861974477580477,0.0740161806634409,84,0,0
17,165,0.0009,-0.0001,100.0,518.67,642.9,1599.17,1412.54,14.62,21.61,553.49,2388.06,9094.72,1.3,47.55,521.52,2388.03,8171.98,8.4319,0.03,394,2388,100.0,38.7,23.2948,518.67,642.8219999999995,1592.7179999999985,1411.8579999999995,14.62,21.610000000000007,553.4360000000007,2388.056,9094.454000000012,1.3,47.49999999999999,521.6660000000002,2388.032,8169.830000000004,8.443860000000003,0.03,393.4,2388.0,100.0,38.802,23.279120000000056,0.0,0.2635716221452061,6.11335995995693,4.486754952074384,0.0,0.0,0.3981582599912922,0.01673320052367,0.7654279849553042,0.0,0.0781024967591089,0.4044502441590515,0.017888543819661,2.81944143401914,0.0283151549527921,0.0,1.1401754250990557,0.0,0.0,0.1073312629201359,0.0366918519564605,50,0,0
18,133,0.0007,0.0001,100.0,518.67,643.0,1600.45,1419.18,14.62,21.61,553.36,2388.14,9056.09,1.3,47.7,521.06,2388.19,8136.8,8.4418,0.03,395,2388,100.0,38.71,23.2637,518.67,642.9419999999998,1597.0980000000004,1414.4660000000006,14.62,21.609999999999992,553.3339999999996,2388.1539999999977,9056.969999999998,1.3,47.62800000000003,521.1479999999999,2388.1300000000037,8134.9739999999965,8.452499999999997,0.03,393.4,2388.0,100.0,38.65799999999998,23.24171999999997,0.0,0.2748999818139492,4.08725702641952,4.717873461631337,0.0,4.2323814535712574e-09,0.4842313496663339,0.0288097205739294,6.659237944393788,0.0,0.0988433103451801,0.1944736485985881,0.0353553390609231,1.7059542784027737,0.0225959067089406,0.0,1.1401754250990277,0.0,0.0,0.0739594483483095,0.050454405159517,28,1,1
19,135,0.0004,0.0003,100.0,518.67,642.79,1588.88,1406.32,14.62,21.61,553.87,2388.1,9055.54,1.3,47.35,521.48,2388.06,8140.2,8.4768,0.03,393,2388,100.0,38.83,23.3297,518.67,642.4680000000001,1588.0820000000049,1403.9039999999982,14.62,21.608,553.9979999999999,2388.069999999999,9061.097999999994,1.3,47.473999999999975,521.6720000000001,2388.066000000003,8141.590000000001,8.423199999999987,0.03,392.8,2388.0,100.0,38.88599999999999,23.326759999999968,0.0,0.2487368086958031,3.5182268261152707,4.089991442533644,0.0,0.0044721359549988,0.435970182467076,0.0308220700145973,4.236085457111196,0.0,0.0709224929060074,0.2391024884859989,0.0194935886908079,3.5569017416899147,0.0367249914908105,0.0,0.8366600265342259,0.0,0.0,0.03435112807463,0.0322773604868147,87,0,0
20,184,-0.0006,-0.0004,100.0,518.67,643.75,1595.12,1419.6,14.62,21.61,552.19,2388.14,9066.49,1.3,48.13,520.64,2388.21,8138.86,8.469,0.03,395,2388,100.0,38.35,23.0242,518.67,643.4980000000003,1598.7860000000023,1421.4620000000002,14.62,21.609999999999992,551.7860000000001,2388.1979999999994,9062.38,1.3,48.00800000000007,520.4520000000002,2388.2220000000016,8140.118000000005,8.4985,0.03,395.4,2388.0,100.0,38.535999999999966,23.122140000000005,0.0,0.2680858071570033,6.627697941215052,1.907870540677396,0.0,4.2323814535712574e-09,0.4327585932117475,0.048682645779748,3.0571228303656306,0.0,0.0941806774237643,0.2336022260215119,0.013038404859599,3.163822055685769,0.0367462923299799,0.0,1.1401754250995262,0.0,0.0,0.1186591757934157,0.0673361567064618,16,1,1
21,148,0.0052,0.0005,100.0,518.67,642.66,1592.32,1403.77,14.62,21.61,553.86,2388.06,9087.25,1.3,47.46,522.02,2388.07,8168.51,8.441,0.03,392,2388,100.0,38.74,23.4982,518.67,642.4139999999995,1591.6259999999977,1404.6039999999998,14.62,21.610000000000007,553.9379999999995,2388.0319999999992,9084.482000000002,1.3,47.37999999999993,521.8800000000003,2388.0360000000014,8164.544000000007,8.42708,0.03,393.2,2388.0,100.0,38.854000000000006,23.365719999999992,0.0,0.2447039027076658,1.959203919961827,3.2058976901924576,0.0,0.0,0.1449827575953085,0.0303315017775738,4.191141849201612,0.0,0.0758287544404979,0.247689321529645,0.0279284800873415,3.5396299241815106,0.0288377703715137,0.0,1.3038404810403563,0.0,0.0,0.1062073443788075,0.0890180711990607,57,0,0
22,39,-0.0,-0.0005,100.0,518.67,642.5,1583.42,1410.16,14.62,21.61,554.04,2388.09,9055.41,1.3,47.36,521.77,2388.11,8133.12,8.4143,0.03,392,2388,100.0,38.97,23.3058,518.67,642.6320000000002,1590.1280000000006,1407.530000000001,14.62,21.610000000000007,553.592,2388.0899999999992,9047.368,1.3,47.49599999999995,521.726,2388.0959999999995,8127.844,8.41636,0.03,392.6,2388.0,100.0,38.91799999999999,23.31850000000001,0.0,0.2338161671053672,3.783327900142759,3.109011096796043,0.0,0.0,0.3367788591939966,0.0173205080753065,4.8494556395534,0.0,0.1217784874269899,0.4059926107701587,0.0260768096210426,3.745334430994993,0.0128048037860753,0.0,0.8944271909998746,0.0,0.0,0.1237739875741329,0.0633207312023475,111,0,0
23,130,-0.0006,0.0003,100.0,518.67,642.03,1588.77,1403.06,14.62,21.61,554.15,2388.05,9051.1,1.3,47.22,521.83,2388.08,8133.6,8.4249,0.03,392,2388,100.0,38.97,23.2815,518.67,642.5180000000003,1586.270000000001,1398.446000000001,14.62,21.609999999999992,554.1399999999994,2388.0460000000003,9051.707999999988,1.3,47.24599999999996,521.9939999999991,2388.0519999999988,8133.129999999992,8.394540000000003,0.03,391.6,2388.0,100.0,38.946000000000005,23.395540000000004,0.0,0.3081720298787703,4.240748754642244,3.104880029888589,0.0,4.728096185986014e-09,0.253771550808746,0.0403732584785084,4.192489713759028,0.0,0.0887693640847087,0.3211385993619674,0.02387467277307,2.228497251511022,0.0262625779389588,0.0,0.8944271909998984,0.0,0.0,0.0789303490426835,0.0749844850619071,113,0,0
24,186,-0.0004,0.0002,100.0,518.67,643.28,1593.82,1415.13,14.62,21.61,553.78,2388.08,9148.56,1.3,47.7,520.69,2388.07,8211.21,8.4785,0.03,393,2388,100.0,38.72,23.2093,518.67,643.0940000000002,1593.3239999999987,1414.2179999999985,14.62,21.609999999999992,553.1700000000001,2388.086000000002,9145.683999999996,1.3,47.70199999999998,521.2719999999999,2388.087999999999,8212.542,8.4648,0.03,394.2,2388.0,100.0,38.60600000000004,23.268640000000016,0.0,0.2177842969510767,6.525222601567203,2.7948470441130926,0.0,0.0,0.5293864373037229,0.0167332005189385,2.275682314843561,0.0,0.076288924490608,0.3935352589016585,0.0408656334839224,3.95417753780762,0.0181091137276022,0.0,0.8366600265336271,0.0,0.0,0.0646529195010827,0.0489412198458933,20,1,1
25,48,0.0019,-0.0004,100.0,518.67,642.92,1584.08,1403.1,14.62,21.61,553.55,2388.08,9046.2,1.3,47.38,521.75,2388.07,8132.18,8.4422,0.03,394,2388,100.0,38.9,23.3876,518.67,642.6359999999999,1587.4919999999988,1403.7320000000009,14.62,21.610000000000007,553.846,2388.066,9050.078,1.3,47.31399999999998,521.8860000000002,2388.078,8132.523999999998,8.41338,0.03,392.6,2388.0,100.0,38.93799999999999,23.32785999999998,0.0,0.2247887897559417,4.05886314132386,4.588700251705888,0.0,0.0,0.4369553752958949,0.0230217288668937,3.412414101483461,0.0,0.0665582451691721,0.4427527526735397,0.0148323969737537,3.107584270781465,0.0269024534197145,0.0,0.8944271909999838,0.0,0.0,0.0661059755241598,0.0708129084277741,145,0,0
26,76,-0.002,0.0003,100.0,518.67,642.31,1580.98,1402.4,14.62,21.61,554.45,2388.02,9074.01,1.3,47.4,521.93,2387.98,8151.64,8.4331,0.03,392,2388,100.0,38.89,23.366,518.67,642.3099999999997,1586.8059999999998,1399.6939999999995,14.62,21.610000000000007,554.0480000000001,2388.0320000000006,9065.540000000014,1.3,47.35800000000005,522.066,2388.0139999999983,8151.219999999997,8.39412,0.03,392.0,2388.0,100.0,38.91000000000001,23.40275999999999,0.0,0.2339871791356656,4.0543223848134,5.58014157526488,0.0,0.0,0.4828250200642784,0.0327108544673991,5.845737763531952,0.0,0.0801249024960339,0.1657709262809411,0.0421900462189799,3.511929668993767,0.0240625642856324,0.0,0.7071067811866857,0.0,0.0,0.076157731058669,0.0654884951728069,119,0,0
27,140,0.0038,0.0005,100.0,518.67,642.56,1586.56,1407.16,14.62,21.61,553.3,2388.06,9049.45,1.3,47.44,521.64,2388.14,8124.15,8.44,0.03,392,2388,100.0,38.9,23.185,518.67,642.5059999999997,1587.3359999999998,1404.3380000000027,14.62,21.610000000000007,553.6539999999999,2388.0840000000007,9049.561999999994,1.3,47.38600000000001,521.6599999999999,2388.086000000002,8131.084000000001,8.43116,0.03,392.4,2388.0,100.0,38.872000000000014,23.29432,0.0,0.2120848886668894,4.13701341549777,2.216330300295297,0.0,0.0,0.2104281349989321,0.032093613070406,2.8876582207796515,0.0,0.0433589667774489,0.2370653918231005,0.0364691650557061,4.726127378733026,0.0218907057903756,0.0,1.1401754250990712,0.0,0.0,0.1098635517358141,0.093959017661974,66,0,0
28,158,-0.0002,0.0,100.0,518.67,642.86,1590.81,1405.28,14.62,21.61,553.26,2388.1,9065.84,1.3,47.59,521.63,2388.11,8134.63,8.4564,0.03,393,2388,100.0,38.86,23.2826,518.67,642.6980000000009,1590.4400000000007,1407.510000000001,14.62,21.61,553.4080000000001,2388.0880000000006,9064.35600000001,1.3,47.54999999999996,521.7059999999999,2388.1039999999985,8137.455999999996,8.440780000000006,0.03,393.4,2388.0,100.0,38.84200000000001,23.327259999999978,0.0,0.2431460466475861,2.398072142367651,2.677536180894368,0.0,0.0,0.4922600938527099,0.0277488738503588,4.178549987745633,0.0,0.1014889156508928,0.3309531688924984,0.0194935886891647,1.7670116015584514,0.0117941510928174,0.0,0.5477225575050338,0.0,0.0,0.0855569985448482,0.049928278560352,97,0,0
29,171,-0.0002,-0.0001,100.0,518.67,642.53,1585.72,1405.88,14.62,21.61,553.29,2388.08,9074.11,1.3,47.26,521.57,2388.07,8147.27,8.4202,0.03,393,2388,100.0,38.98,23.1975,518.67,642.6239999999995,1587.5279999999989,1407.7599999999995,14.62,21.610000000000007,553.7360000000002,2388.053999999999,9070.177999999994,1.3,47.36000000000004,521.4559999999998,2388.079999999998,8148.543999999997,8.415799999999988,0.03,393.4,2388.0,100.0,38.89399999999999,23.312119999999982,0.0,0.257449024080378,6.4853851080714096,3.4034467823086145,0.0,0.0,0.4829389195328951,0.0279284800866596,3.366744718530952,0.0,0.1129158979063712,0.2945844530850322,0.0273861278741084,3.939058263086552,0.0217631569401162,0.0,0.5477225575053354,0.0,0.0,0.0811171991626907,0.1157004191867887,90,0,0
30,143,-0.0036,0.0,100.0,518.67,642.54,1599.22,1408.62,14.62,21.61,553.01,2388.12,9057.71,1.3,47.61,521.32,2388.13,8135.44,8.4829,0.03,393,2388,100.0,38.78,23.3175,518.67,642.7099999999992,1593.4219999999991,1410.5180000000005,14.62,21.610000000000007,553.46,2388.1180000000013,9050.708000000006,1.3,47.55599999999996,521.1180000000006,2388.1400000000017,8131.1300000000065,8.45875999999999,0.03,393.8,2388.0,100.0,38.77400000000001,23.254119999999997,0.0,0.1581138830076638,4.912099347529023,3.45672822188875,0.0,0.0,0.4173128322970552,0.0204939015328519,4.76223896922392,0.0,0.0750333259292062,0.1599062225176012,0.017320508074393,3.379304662206959,0.0302211515333299,0.0,1.4832396974191862,0.0,0.0,0.046151923036919,0.0377484701676564,115,0,0
31,196,-0.0005,0.0001,100.0,518.67,643.31,1598.19,1420.66,14.62,21.61,551.48,2388.18,9090.98,1.3,47.78,519.55,2388.22,8157.84,8.5015,0.03,395,2388,100.0,38.53,23.1105,518.67,643.5520000000004,1598.036000000002,1427.3119999999976,14.62,21.610000000000007,551.6519999999998,2388.1920000000023,9087.420000000016,1.3,47.99999999999997,519.955999999999,2388.1979999999994,8156.718000000003,8.492280000000006,0.03,395.2,2388.0,100.0,38.53400000000002,23.116579999999967,0.0,0.2477296913985803,3.727248314781317,4.728855041124239,0.0,0.0,0.174699742419541,0.0258843582163559,4.383908073857092,0.0,0.1573213272254985,0.3181666230055305,0.0148323970032145,3.5725229180430698,0.0225158166629447,0.0,0.8366600265346548,0.0,0.0,0.0939680796864034,0.0396010353401356,8,1,2
32,145,-0.0033,-0.0001,100.0,518.67,642.96,1587.37,1406.22,14.62,21.61,553.84,2388.05,9105.13,1.3,47.48,522.3,2388.05,8173.9,8.438,0.03,394,2388,100.0,38.84,23.3456,518.67,642.5879999999997,1591.6280000000004,1409.2679999999982,14.62,21.610000000000007,553.8660000000002,2388.028,9099.759999999997,1.3,47.46399999999996,521.7539999999997,2388.033999999999,8173.981999999999,8.440979999999996,0.03,393.2,2388.0,100.0,38.81200000000001,23.284840000000024,0.0,0.2819042390598887,3.8158249435720553,2.0574425872952227,0.0,1.1553890794328882e-09,0.2123205124325451,0.0216794833798579,3.737920544880032,0.0,0.0415932686858212,0.3528172331408663,0.0114017542600196,2.49329500863276,0.0203315518345205,0.0,0.8366600265341028,0.0,0.0,0.1267675037224153,0.0458842347653074,48,0,0
33,50,0.0005,0.0005,100.0,518.67,642.42,1579.36,1416.53,14.62,21.61,553.56,2388.14,9059.56,1.3,47.61,520.95,2388.11,8134.27,8.4463,0.03,392,2388,100.0,38.73,23.2843,518.67,642.6119999999999,1588.0939999999998,1409.636,14.62,21.61,553.2959999999997,2388.1259999999997,9058.819999999996,1.3,47.596,521.438,2388.108,8137.159999999998,8.453480000000004,0.03,393.2,2388.0,100.0,38.75800000000001,23.29710000000002,0.0,0.2738065010185064,5.804522374838209,4.551492063049447,0.0,0.0,0.2321206582791629,0.0167332005307637,4.559194007717022,0.0,0.0702139587261528,0.3493851742706663,0.0311448230044781,3.418128142711716,0.0248132424322149,0.0,1.3038404810405675,0.0,0.0,0.1147606204235489,0.0410357770731886,106,0,0
34,203,-0.0011,-0.0001,100.0,518.67,643.74,1600.38,1427.49,14.62,21.61,551.77,2388.29,9036.27,1.3,48.13,519.44,2388.25,8122.11,8.5158,0.03,397,2388,100.0,38.62,23.0641,518.67,643.4300000000001,1600.2180000000003,1427.3619999999985,14.62,21.610000000000007,551.7280000000003,2388.2580000000016,9043.920000000007,1.3,48.11399999999998,519.8060000000006,2388.262,8124.693999999998,8.497099999999994,0.03,395.8,2388.0,100.0,38.485999999999954,23.137879999999956,0.0,0.2200000000023553,1.1235524019831395,3.806713805904209,0.0,1.1553890794328882e-09,0.1900526242926196,0.0294957624002085,5.292943415497206,0.0,0.0541294744105725,0.2295212408389919,0.0238746727585325,2.10350421915262,0.0171109613990881,0.0,1.3038404810405662,0.0,0.0,0.1003992031839154,0.0540326475383039,7,1,2
35,198,-0.0047,-0.0003,100.0,518.67,643.4,1602.02,1428.42,14.62,21.61,551.76,2388.26,9079.88,1.3,48.1,519.81,2388.22,8153.85,8.5141,0.03,395,2388,100.0,38.63,23.1161,518.67,643.4220000000005,1599.6119999999962,1426.0839999999994,14.62,21.61,551.9159999999995,2388.224000000002,9081.807999999995,1.3,48.04399999999998,520.0300000000004,2388.202,8154.024000000005,8.50908000000001,0.03,395.6,2388.0,100.0,38.58799999999995,23.101039999999998,0.0,0.0349284983899569,2.2408525163449933,3.873748830266477,0.0,0.0,0.1383112432192078,0.025099800805621,2.8673803375019045,0.0,0.1604057355582106,0.30257230540573,0.0178885438063658,4.759556702040372,0.0194342995757778,0.0,1.3416407865003852,0.0,0.0,0.1175584960773722,0.0729133595440912,11,1,2
36,126,-0.0018,-0.0002,100.0,518.67,642.94,1599.19,1418.98,14.62,21.61,552.32,2388.16,9056.3,1.3,47.94,520.01,2388.22,8136.96,8.5259,0.03,394,2388,100.0,38.54,23.1534,518.67,643.2880000000007,1600.852,1422.8340000000003,14.62,21.61,551.8620000000003,2388.168,9064.297999999992,1.3,47.908000000000094,520.1319999999998,2388.2000000000007,8138.434000000001,8.49732,0.03,394.6,2388.0,100.0,38.594,23.177160000000026,0.0,0.3596804137005075,2.043017376325248,2.3450010660923986,0.0,0.0,0.2915818924415705,0.0342052627514163,5.148113246619828,0.0,0.0944457516250412,0.2312358103780811,0.0234520787910621,3.015680686014258,0.0240078528819238,0.0,0.5477225575052154,0.0,0.0,0.124619420637372,0.0819340161349182,19,1,1
37,121,-0.0006,0.0002,100.0,518.67,643.34,1593.15,1413.38,14.62,21.61,552.56,2388.18,9041.71,1.3,47.69,520.69,2388.15,8119.07,8.4944,0.03,394,2388,100.0,38.76,23.2145,518.67,643.1420000000004,1587.988,1412.5940000000032,14.62,21.610000000000007,552.9440000000002,2388.1900000000005,9042.589999999997,1.3,47.71400000000007,520.9840000000002,2388.177999999998,8121.244000000004,8.472439999999988,0.03,393.8,2388.0,100.0,38.63,23.24012000000004,0.0,0.3019437033620269,4.436955036959436,1.353192521402981,0.0,0.0,0.5202211068378898,0.0158113883138045,4.338081373158859,0.0,0.0384707681230111,0.1728583234921085,0.0216794833855056,2.6557917839946232,0.0136844071848336,0.0,0.8366600265339031,0.0,0.0,0.1736375535418135,0.0767704174796784,21,1,1
38,125,-0.0015,-0.0003,100.0,518.67,643.04,1588.23,1404.91,14.62,21.61,553.09,2388.14,9086.18,1.3,47.86,520.91,2388.15,8160.76,8.4695,0.03,393,2388,100.0,38.78,23.1739,518.67,642.9939999999999,1591.426,1413.4479999999987,14.62,21.61,552.7299999999997,2388.138000000001,9078.966000000004,1.3,47.80200000000001,520.952,2388.11,8156.838000000001,8.482260000000005,0.03,394.2,2388.0,100.0,38.766000000000005,23.186739999999997,0.0,0.2734593205575754,2.4110433426214954,4.951643161617707,0.0,0.0,0.293768616430936,0.0228035085029329,5.250740900079532,0.0,0.1314153720079593,0.081670067958267,0.0393700393702116,3.5066465462219343,0.0180682871351946,0.0,1.3038404810404818,0.0,0.0,0.1811905074776284,0.03031077366217,50,0,0
39,37,0.0004,0.0003,100.0,518.67,642.09,1581.58,1402.17,14.62,21.61,554.03,2388.02,9061.91,1.3,47.2,521.94,2388.0,8147.31,8.3904,0.03,393,2388,100.0,38.82,23.3721,518.67,641.8100000000001,1584.9700000000005,1398.6560000000002,14.62,21.609999999999992,554.1920000000001,2388.0080000000003,9058.87,1.3,47.21199999999999,522.0519999999999,2388.0219999999995,8143.640000000001,8.405259999999998,0.03,391.6,2388.0,100.0,38.97000000000001,23.37126,0.0,0.3203903868718458,5.360956071448253,3.483558525416629,0.0,0.0,0.1087198233994605,0.0228035085016886,3.4042546908226137,0.0,0.0794984276574095,0.1162755348297097,0.039623225511894,3.7198118231983295,0.0270041293138661,0.0,1.1401754250990948,0.0,0.0,0.1135781669160023,0.0394374568145615,142,0,0
40,133,-0.0036,-0.0005,100.0,518.67,643.2,1603.15,1420.48,14.62,21.61,552.57,2388.17,9066.45,1.3,47.84,520.41,2388.17,8143.07,8.47,0.03,396,2388,100.0,38.58,23.0906,518.67,643.1700000000003,1595.2020000000002,1418.9739999999988,14.62,21.61,552.4559999999999,2388.187999999999,9071.383999999996,1.3,47.85999999999998,520.5959999999994,2388.1780000000003,8145.751999999998,8.473279999999992,0.03,394.8,2388.0,100.0,38.63600000000004,23.17632000000001,0.0,0.0894427191010515,5.617327656457497,2.3311113229523523,0.0,0.0,0.2881492668737426,0.0370135110468634,4.272104867614233,0.0,0.073143694191597,0.2205221077355647,0.0327108544667756,2.317319572258727,0.0042874234687345,0.0,0.836660026533935,0.0,0.0,0.1031018913502855,0.08423121155486,28,1,1
41,123,-0.0018,0.0001,100.0,518.67,642.54,1594.24,1416.76,14.62,21.61,553.02,2388.19,9036.88,1.3,47.64,520.61,2388.2,8115.82,8.4533,0.03,395,2388,100.0,38.84,23.1718,518.67,642.864,1593.5020000000009,1414.9220000000016,14.62,21.610000000000007,552.6120000000001,2388.187999999999,9036.639999999994,1.3,47.772,520.7620000000002,2388.1940000000022,8115.564000000004,8.467480000000005,0.03,394.4,2388.0,100.0,38.70800000000003,23.22376000000001,0.0,0.2182429838501958,2.4524620282458547,3.454536148316105,0.0,0.0,0.5503362608435197,0.0083666002267631,4.985012537590858,0.0,0.1047377677821905,0.0928439551043378,0.0207364413635391,1.5657841485748296,0.0296740121992196,0.0,0.8944271909998746,0.0,0.0,0.1283354978173033,0.0713261032161416,18,1,1
42,156,-0.0004,-0.0,100.0,518.67,643.31,1599.55,1425.12,14.62,21.61,550.94,2388.27,9026.89,1.3,47.89,520.54,2388.27,8118.45,8.4792,0.03,395,2388,100.0,38.51,23.094,518.67,643.3839999999999,1595.973999999999,1420.9459999999992,14.62,21.610000000000007,551.7719999999998,2388.2640000000006,9035.74,1.3,47.905999999999935,520.2259999999994,2388.243999999998,8114.0999999999985,8.476040000000001,0.03,395.2,2388.0,100.0,38.53800000000001,23.1545,0.0,0.406546430309069,3.5843451284772008,6.818396439044929,0.0,1.1553890794328882e-09,0.4668725736193915,0.0219089023421836,5.930345689780752,0.0,0.0808084154034501,0.37064808106442,0.0288097205782099,3.7016955574084087,0.007380243898484,0.0,0.836660026534417,0.0,0.0,0.036331804249365,0.0543208063268721,10,1,2
43,172,-0.003,0.0003,100.0,518.67,642.77,1594.19,1418.4,14.62,21.61,552.25,2388.13,9052.93,1.3,47.6,520.86,2388.16,8135.46,8.4456,0.03,394,2388,100.0,38.63,23.2379,518.67,643.0380000000001,1591.7999999999986,1412.6280000000002,14.62,21.61,553.0020000000002,2388.1240000000016,9055.994,1.3,47.67799999999998,521.2360000000006,2388.13,8134.296000000002,8.446920000000016,0.03,394.4,2388.0,100.0,38.78000000000003,23.260680000000043,0.0,0.4097194161855635,2.2767850140035737,4.830726653410777,0.0,0.0,0.6267934268960988,0.0230217288653353,2.3937063311874045,0.0,0.0993478736561569,0.2590945773255956,0.0273861278745321,1.896689220718244,0.0150022331670982,0.0,0.5477225575052543,0.0,0.0,0.1354621718414426,0.0736202893229713,59,0,0
44,54,0.0001,0.0002,100.0,518.67,642.49,1582.3,1415.29,14.62,21.61,552.97,2388.13,9057.77,1.3,47.52,521.73,2388.1,8131.44,8.4391,0.03,392,2388,100.0,38.85,23.3058,518.67,642.434,1587.568000000001,1407.9499999999991,14.62,21.61,553.6980000000001,2388.102,9056.210000000005,1.3,47.42999999999997,521.792,2388.0800000000004,8135.246000000004,8.434040000000005,0.03,393.0,2388.0,100.0,38.836000000000006,23.338539999999984,0.0,0.1553383404059524,5.156119665019725,5.115818605071853,0.0,0.0,0.5168849001471097,0.026832815729704,3.9234614819036735,0.0,0.120830459735953,0.2413917977071518,0.0199999999994659,2.5554608194977373,0.0332739838312172,0.0,0.999999999999968,0.0,0.0,0.0773304597166942,0.0270057031013857,109,0,0
45,152,0.0044,0.0002,100.0,518.67,642.75,1598.59,1410.33,14.62,21.61,553.2,2388.15,9067.31,1.3,47.57,520.76,2388.15,8140.56,8.4695,0.03,394,2388,100.0,38.58,23.312,518.67,642.8860000000001,1594.946,1412.668000000001,14.62,21.61,552.9900000000004,2388.108,9061.565999999988,1.3,47.61999999999985,521.0799999999999,2388.1319999999987,8139.332000000002,8.468879999999999,0.03,394.2,2388.0,100.0,38.69400000000004,23.26008,0.0,0.1614930339041844,3.18795859446202,2.9668029931239626,0.0,0.0,0.670074622710351,0.0303315017757207,4.765430725545938,0.0,0.1000000000000252,0.4328394621564241,0.0349284983945707,2.953569027465597,0.0180318329628318,0.0,0.4472135955007555,0.0,0.0,0.1684636459299079,0.049189399264463,114,0,0
46,146,-0.0005,-0.0003,100.0,518.67,642.79,1594.28,1413.17,14.62,21.61,552.73,2388.12,9080.61,1.3,47.74,520.97,2388.11,8153.86,8.4628,0.03,393,2388,100.0,38.61,23.1876,518.67,643.21,1593.214000000002,1412.2200000000007,14.62,21.61,552.836,2388.103999999997,9083.828000000003,1.3,47.68400000000005,520.988,2388.106,8156.702000000007,8.466460000000001,0.03,394.0,2388.0,100.0,38.64200000000002,23.2394,0.0,0.3078148794315004,2.958923790838288,1.987108452002127,0.0,0.0,0.1318332279767906,0.0357770876381552,2.451972675191028,0.0,0.0817312669667601,0.3117210291266781,0.0336154726273506,2.629813681613928,0.0126246980161656,0.0,0.7071067811864822,0.0,0.0,0.0719027120489535,0.032196040129121,47,0,0
47,73,0.0019,-0.0003,100.0,518.67,642.73,1587.09,1402.79,14.62,21.61,553.05,2388.16,9038.32,1.3,47.44,521.29,2388.14,8125.57,8.4586,0.03,392,2388,100.0,38.79,23.2595,518.67,642.6420000000005,1589.1059999999993,1410.5539999999996,14.62,21.61,553.1939999999998,2388.1540000000014,9040.143999999998,1.3,47.51799999999999,520.9760000000005,2388.149999999999,8123.364,8.444579999999997,0.03,392.8,2388.0,100.0,38.776,23.27794,0.0,0.3118813877101011,1.860760597175556,5.441716640913793,0.0,0.0,0.4673649537566249,0.013416407865002,3.6506752799944446,0.0,0.1175584960774987,0.2307162759749466,0.0620483682300343,3.506747781064788,0.0152322683799895,0.0,0.8366600265342259,0.0,0.0,0.0820365772079567,0.0318462399664464,135,0,0
48,78,0.0022,-0.0003,100.0,518.67,642.77,1591.34,1402.73,14.62,21.61,553.83,2388.1,9054.14,1.3,47.7,522.03,2388.15,8137.24,8.4515,0.03,393,2388,100.0,38.8,23.3238,518.67,642.532,1591.1180000000004,1405.639999999999,14.62,21.610000000000007,553.672,2388.0819999999976,9058.638,1.3,47.549999999999976,521.676,2388.1080000000006,8136.247999999998,8.431000000000001,0.03,392.8,2388.0,100.0,38.86999999999999,23.309380000000026,0.0,0.2723416971378453,0.5693592890300808,3.454728643468429,0.0,0.0,0.379038256644618,0.0130384048129874,3.6507492381581352,0.0,0.1274754878398442,0.2615912842586296,0.0408656334828973,1.8297732099914543,0.0129056189313083,0.0,0.8366600265342343,0.0,0.0,0.0803118920210416,0.0721972783420381,92,0,0
49,303,-0.0055,0.0001,100.0,518.67,643.21,1607.55,1425.3,14.62,21.61,552.0,2388.21,9052.48,1.3,48.01,520.27,2388.22,8132.46,8.5168,0.03,396,2388,100.0,38.56,23.1167,518.67,643.3620000000004,1598.8360000000046,1422.363999999996,14.62,21.610000000000007,552.1340000000004,2388.2240000000024,9052.686,1.3,47.91999999999999,520.5440000000006,2388.2160000000017,8128.836000000005,8.495580000000007,0.03,395.6,2388.0,100.0,38.64199999999998,23.11916000000003,0.0,0.304253184041277,5.998752370282238,4.372451257585093,0.0,0.0,0.5033686521818327,0.0328633534413713,4.2976889138439445,0.0,0.0591607978304467,0.2020643461895538,0.0151657508605179,3.248388831368572,0.0169734203978114,0.0,0.5477225575064802,0.0,0.0,0.0995991967840209,0.0821821635149287,21,1,1
50,74,0.0,0.0004,100.0,518.67,642.66,1582.59,1397.65,14.62,21.61,553.18,2388.05,9066.84,1.3,47.5,521.91,2388.06,8142.07,8.4719,0.03,393,2388,100.0,38.98,23.291,518.67,642.4820000000002,1584.935999999999,1403.2779999999998,14.62,21.610000000000007,553.9600000000003,2388.0419999999986,9063.844000000008,1.3,47.502,522.1080000000004,2388.068000000001,8143.271999999997,8.445560000000006,0.03,392.6,2388.0,100.0,38.912000000000006,23.28742000000003,0.0,0.1565886330489701,4.508988800163711,3.7210643638618826,0.0,0.0,0.4500555521266811,0.0083666002699191,4.263874998175167,0.0,0.1425482374496678,0.3134007019776242,0.0216794833878344,2.707521006380602,0.0161685806427268,0.0,1.1401754250990122,0.0,0.0,0.0589067059001105,0.0575878198927647,79,0,0
51,144,0.0003,0.0004,100.0,518.67,642.56,1585.08,1406.6,14.62,21.61,553.58,2388.1,9053.37,1.3,47.5,521.25,2388.12,8127.61,8.4577,0.03,394,2388,100.0,38.77,23.3108,518.67,642.646,1590.4819999999988,1403.715999999999,14.62,21.610000000000007,553.3759999999996,2388.1180000000013,9056.835999999988,1.3,47.49399999999996,521.366,2388.097999999999,8131.1219999999985,8.458300000000001,0.03,392.6,2388.0,100.0,38.86,23.295180000000023,0.0,0.3521079379963728,5.241027571002134,2.277593027738809,0.0,0.0,0.2625452341979842,0.0164316767176723,4.98012349244384,0.0,0.0712741187249089,0.327765159832553,0.0238746727706446,2.1267745531640463,0.0045787552894383,0.0,0.8944271909999024,0.0,0.0,0.1872164522684955,0.0706871416878674,114,0,0
52,189,0.0028,-0.0002,100.0,518.67,643.15,1600.96,1412.05,14.62,21.61,553.19,2388.11,9122.6,1.3,47.55,521.27,2388.07,8192.02,8.4645,0.03,395,2388,100.0,38.66,23.211,518.67,642.7059999999999,1594.129999999997,1410.1220000000003,14.62,21.610000000000007,553.3879999999988,2388.1000000000013,9111.554,1.3,47.60399999999997,521.3859999999999,2388.0580000000014,8189.138000000002,8.446140000000002,0.03,394.0,2388.0,100.0,38.77400000000004,23.25596000000001,0.0,0.2933087110889961,3.925181524463144,2.1977306477358924,0.0,1.1553890794328882e-09,0.159593232936241,0.0158113883086719,6.59280137722736,0.0,0.1023718711365931,0.2769115382207397,0.0277488738520632,4.199579740887412,0.0127656962207287,0.0,1.0000000000004086,0.0,0.0,0.1057355191030519,0.0534407428840712,29,1,1
53,164,-0.0021,-0.0004,100.0,518.67,642.87,1602.76,1418.18,14.62,21.61,553.09,2388.08,9102.33,1.3,47.75,520.98,2388.05,8180.97,8.4702,0.03,394,2388,100.0,38.64,23.1671,518.67,642.8400000000005,1592.3599999999965,1411.303999999998,14.62,21.610000000000007,552.9840000000004,2388.072000000001,9106.894000000004,1.3,47.70799999999995,520.9220000000003,2388.0779999999995,8178.882,8.46054,0.03,393.8,2388.0,100.0,38.695999999999984,23.23828000000001,0.0,0.2250555486980703,6.029780261336168,5.714151730574391,0.0,0.0,0.4038316480920023,0.0164316767238531,2.935477814712201,0.0,0.0983361581515425,0.269851811181067,0.0228035085060593,2.7779614828449404,0.0152139081106862,0.0,1.303840481040467,0.0,0.0,0.0884872872225215,0.0708064050775392,26,1,1
54,121,-0.0019,0.0,100.0,518.67,642.43,1580.89,1399.84,14.62,21.61,555.07,2388.05,9064.43,1.3,47.34,522.28,2387.97,8143.64,8.3926,0.03,392,2388,100.0,38.95,23.4385,518.67,642.424,1585.1280000000002,1402.3720000000008,14.62,21.608000000000008,554.2879999999996,2388.017999999999,9062.615999999996,1.3,47.27600000000004,522.1620000000004,2387.992000000002,8145.636000000001,8.419279999999992,0.03,392.2,2388.0,100.0,39.04400000000002,23.443099999999998,0.0,0.3110144691174899,6.185626079872529,2.071658755680464,0.0,0.004472135954999,0.4738354144641712,0.0349284983932704,2.435606700621757,0.0,0.0606630035524017,0.1917550520849714,0.0216794833906413,1.843374622815235,0.017819567895993,0.0,1.4832396974191624,0.0,0.0,0.0991463564635521,0.0236972572252579,97,0,0
55,113,-0.0059,0.0002,100.0,518.67,642.2,1585.68,1399.63,14.62,21.61,553.37,2388.09,9056.16,1.3,47.5,521.92,2388.04,8135.62,8.4276,0.03,393,2388,100.0,38.93,23.3438,518.67,642.4480000000001,1587.7639999999994,1404.7760000000003,14.62,21.610000000000007,553.8,2388.068,9058.526000000002,1.3,47.39800000000002,522.1380000000001,2388.078,8140.288,8.425739999999994,0.03,392.8,2388.0,100.0,38.996,23.342839999999995,0.0,0.2788727308291162,4.253149421311374,5.674440941625488,0.0,0.0,0.2656124997051524,0.0248997991970387,4.036258168145684,0.0,0.1229634091915523,0.3740588189041062,0.0258843582134048,2.7452631932188423,0.0241685332612506,0.0,0.4472135954999929,0.0,0.0,0.0527257053058318,0.0809358573192383,137,0,0
56,136,-0.0028,-0.0005,100.0,518.67,643.32,1598.6,1416.85,14.62,21.61,551.45,2388.23,9035.55,1.3,48.02,520.0,2388.23,8116.7,8.5235,0.03,395,2388,100.0,38.51,23.1772,518.67,643.4419999999999,1594.8159999999991,1423.4060000000013,14.62,21.61,552.0520000000002,2388.262,9044.959999999995,1.3,47.962,520.0380000000002,2388.245999999999,8118.130000000005,8.50596,0.03,395.0,2388.0,100.0,38.52399999999998,23.069719999999958,0.0,0.3901538158213624,3.947939969147412,4.739122281602695,0.0,0.0,0.3482384240710841,0.0204939015313513,6.704203905014362,0.0,0.0501996015922433,0.1897893569236354,0.0427784992792982,3.989379651023937,0.0156169139076652,0.0,0.0,0.0,0.0,0.0487852436706437,0.0763919629280766,15,1,2
57,160,0.0035,-0.0001,100.0,518.67,642.17,1590.38,1411.95,14.62,21.61,552.43,2388.11,9043.8,1.3,47.59,521.61,2388.19,8131.76,8.4603,0.03,394,2388,100.0,38.77,23.291,518.67,642.6479999999992,1588.9539999999995,1412.7720000000036,14.62,21.610000000000007,553.0680000000004,2388.1199999999985,9048.468000000004,1.3,47.542,521.2,2388.144,8130.798000000002,8.452580000000005,0.03,394.2,2388.0,100.0,38.79400000000002,23.217979999999983,0.0,0.3886129179529148,1.988587438358814,2.439338024957048,0.0,0.0,0.4496331838292492,0.0380788655310501,6.716537054164855,0.0,0.1227599283154075,0.3421987726452118,0.0288097205852124,1.0990996315174912,0.0492698386439431,0.0,0.8366600265339138,0.0,0.0,0.0960728889957754,0.055730575091239,103,0,0
58,176,0.0,0.0005,100.0,518.67,643.01,1596.72,1418.42,14.62,21.61,553.07,2388.24,9058.12,1.3,47.78,521.2,2388.2,8128.82,8.497,0.03,392,2388,100.0,38.46,23.1747,518.67,642.9979999999998,1593.1680000000008,1417.9839999999965,14.62,21.610000000000007,552.754000000001,2388.1759999999986,9056.024,1.3,47.76200000000004,521.022,2388.176000000003,8132.567999999989,8.471859999999989,0.03,393.6,2388.0,100.0,38.69799999999999,23.24190000000004,0.0,0.3070342000494732,2.3006672945011024,3.1479405966360408,0.0,0.0,0.4989288526441771,0.0477493455447822,5.243322419987912,0.0,0.0810555365166978,0.1666433316998065,0.023021728864555,3.8049073576117594,0.0282891852127374,0.0,1.140175425099333,0.0,0.0,0.1470374102057171,0.0828755693796462,37,0,0
59,94,-0.0007,-0.0004,100.0,518.67,642.18,1584.24,1401.21,14.62,21.61,553.72,2388.0,9055.0,1.3,47.08,521.78,2388.05,8140.39,8.4267,0.03,390,2388,100.0,38.92,23.4337,518.67,642.1979999999994,1585.4480000000003,1400.494000000001,14.62,21.610000000000007,554.0500000000001,2388.035999999999,9056.906,1.3,47.23799999999996,521.9480000000001,2388.053999999999,8139.924000000006,8.426859999999994,0.03,391.6,2388.0,100.0,38.95399999999998,23.424859999999995,0.0,0.2766224864321274,2.408022009865555,4.348255972226633,0.0,0.0,0.386781592116652,0.0357770876379579,3.132559656254466,0.0,0.1287245120402472,0.1614620698487741,0.008944271912352,2.4921135608119243,0.0104260730862324,0.0,0.8944271909997991,0.0,0.0,0.0444971909225679,0.0703269720662017,114,0,0
60,147,-0.0003,-0.0003,100.0,518.67,642.86,1592.46,1402.77,14.62,21.61,553.31,2388.12,9054.22,1.3,47.53,521.66,2388.07,8136.13,8.4484,0.03,394,2388,100.0,38.87,23.2971,518.67,642.645999999999,1590.3060000000014,1409.5979999999995,14.62,21.610000000000007,553.1499999999996,2388.1140000000014,9055.72800000001,1.3,47.530000000000015,521.1859999999999,2388.1059999999998,8135.157999999993,8.422500000000012,0.03,393.6,2388.0,100.0,38.81999999999997,23.314799999999984,0.0,0.1771440092128459,3.115209463263228,5.279992424237189,0.0,0.0,0.6371028174478481,0.0250998007961489,3.916116698972596,0.0,0.0851469318296406,0.3755396117593769,0.040987803063471,4.992005608970315,0.0195610582535742,0.0,0.5477225575045862,0.0,0.0,0.0556776436282513,0.0562440219045467,100,0,0
61,159,0.0032,0.0002,100.0,518.67,643.29,1603.16,1414.17,14.62,21.61,552.74,2388.16,9065.79,1.3,47.81,520.97,2388.17,8147.51,8.4725,0.03,395,2388,100.0,38.64,23.1314,518.67,642.9539999999998,1597.124,1418.7259999999994,14.62,21.609999999999992,552.5100000000001,2388.144,9067.164000000004,1.3,47.75400000000004,520.7119999999998,2388.1820000000007,8145.096,8.480559999999993,0.03,394.4,2388.0,100.0,38.636,23.225660000000016,0.0,0.3506137475912737,5.219935823358009,4.342191842833025,0.0,0.0,0.2218107301364647,0.0391152144390054,1.5098940360182316,0.0,0.0832466215529936,0.474994736812598,0.0178885438545738,2.101720723596649,0.0060591253493372,0.0,0.5477225575064802,0.0,0.0,0.0856154191720069,0.0704476614232566,21,1,1
62,232,-0.0029,-0.0005,100.0,518.67,642.83,1594.78,1407.86,14.62,21.61,553.81,2388.03,9096.2,1.3,47.52,521.2,2388.06,8162.08,8.4622,0.03,394,2388,100.0,38.75,23.2719,518.67,642.6759999999997,1595.5220000000031,1411.507999999999,14.62,21.609999999999992,553.4579999999991,2388.066000000001,9092.783999999996,1.3,47.534000000000006,521.392,2388.060000000002,8166.988000000005,8.45047999999999,0.03,394.0,2388.0,100.0,38.72000000000001,23.234260000000017,0.0,0.2159398064258592,2.6150659647520538,3.2036806957032926,0.0,0.0,0.3823218539391261,0.0531977443134908,3.727590374553297,0.0,0.0947628619238979,0.2320991167599631,0.0158113882855951,5.038201067853138,0.0137627032228276,0.0,1.2247448713913598,0.0,0.0,0.0796868872526791,0.0564100434320572,54,0,0
63,155,-0.0019,-0.0003,100.0,518.67,643.26,1592.19,1412.74,14.62,21.61,552.8,2388.19,9052.57,1.3,47.79,521.17,2388.17,8131.3,8.4704,0.03,393,2388,100.0,38.8,23.2344,518.67,642.81,1592.194,1410.435999999998,14.62,21.610000000000007,552.4779999999997,2388.1579999999985,9051.820000000002,1.3,47.68200000000003,521.2139999999997,2388.1599999999994,8128.571999999997,8.472059999999994,0.03,393.6,2388.0,100.0,38.69399999999998,23.25339999999999,0.0,0.3192961008211968,2.1335955568025367,2.045734586892697,0.0,0.0,0.2802142037776821,0.021679483388971,2.172164818800704,0.0,0.0936482781476039,0.2127909772528262,0.0199999999867316,4.344625415384968,0.033824665556354,0.0,0.54772255750577,0.0,0.0,0.0826438140455215,0.021361062707616,72,0,0
64,168,0.0012,0.0004,100.0,518.67,643.01,1597.94,1417.14,14.62,21.61,552.05,2388.22,9056.25,1.3,47.73,520.97,2388.13,8133.0,8.4665,0.03,394,2388,100.0,38.61,23.167,518.67,643.2059999999999,1596.5360000000014,1418.1959999999976,14.62,21.610000000000007,552.4040000000002,2388.194,9054.615999999984,1.3,47.76400000000004,520.6179999999993,2388.177999999999,8136.057999999995,8.475800000000008,0.03,394.0,2388.0,100.0,38.63,23.155740000000005,0.0,0.2394368392680723,4.335329283915614,2.7164646141698547,0.0,0.0,0.3363480340365976,0.0240831891656313,2.8160397724558464,0.0,0.086486993241745,0.3169700301302497,0.0443846820403197,3.2060520894083275,0.0287568252768047,0.0,0.7071067811865375,0.0,0.0,0.0724568837310473,0.0389159735841181,28,1,1
65,71,0.0012,0.0,100.0,518.67,641.75,1588.1,1398.17,14.62,21.6,554.39,2388.03,9063.17,1.3,47.1,522.65,2388.03,8153.06,8.424,0.03,392,2388,100.0,39.19,23.327,518.67,641.8879999999998,1586.008,1400.6719999999998,14.62,21.608000000000008,554.5200000000001,2387.998,9065.268000000007,1.3,47.182,522.2820000000004,2388.0100000000007,8150.337999999998,8.417319999999993,0.03,391.4,2388.0,100.0,39.018,23.39487999999999,0.0,0.3367788591937063,2.426225463554961,3.2068629531041064,0.0,0.0044721359549988,0.2451530134427168,0.0311448230053192,3.409826975087454,0.0,0.13663820841916,0.2552841554034508,0.0524404424083785,4.360839368744864,0.025928883508556,0.0,0.8944271909999659,0.0,0.0,0.111892805845599,0.0800746339361072,128,0,0
66,147,-0.0014,-0.0003,100.0,518.67,643.34,1599.38,1422.98,14.62,21.61,552.06,2388.09,9122.3,1.3,47.92,520.75,2388.11,8197.69,8.4838,0.03,396,2388,100.0,38.61,23.0669,518.67,643.4340000000002,1597.5679999999993,1420.9559999999983,14.62,21.61,552.1739999999999,2388.1139999999987,9123.115999999998,1.3,47.88599999999999,520.6959999999999,2388.1060000000025,8192.294,8.484839999999997,0.03,395.2,2388.0,100.0,38.61199999999998,23.16328000000002,0.0,0.2869320477037403,3.990610229024852,4.35907444303882,0.0,0.0,0.4883953316726809,0.0450555213034528,4.078079204639563,0.0,0.1085357084097463,0.2645373319585915,0.011401754254804,4.142309742189987,0.0182022800769632,0.0,0.8366600265341154,0.0,0.0,0.0496990945591463,0.0656568503661159,14,1,2
67,71,0.0012,0.0001,100.0,518.67,642.39,1593.86,1409.97,14.62,21.61,554.52,2388.12,9046.26,1.3,47.27,521.75,2388.11,8141.98,8.3732,0.03,392,2388,100.0,38.78,23.2914,518.67,642.4159999999999,1587.6399999999978,1403.5099999999989,14.62,21.609999999999992,554.122,2388.062,9056.651999999998,1.3,47.29599999999997,521.8300000000003,2388.0520000000024,8136.795999999999,8.409980000000001,0.03,392.0,2388.0,100.0,38.89200000000002,23.323840000000008,0.0,0.1662227421268294,4.469921699537748,4.754261246503131,0.0,4.728096185986014e-09,0.3656774535024638,0.0396232255124654,5.9873090783765335,0.0,0.1186591757935274,0.3014133374623816,0.0491934955045718,5.209331051101531,0.0378780543322914,0.0,0.7071067811865375,0.0,0.0,0.1112205017072116,0.0257740761231129,77,0,0
68,187,-0.0015,-0.0004,100.0,518.67,643.21,1602.07,1427.25,14.62,21.61,552.0,2388.2,9086.59,1.3,48.04,520.47,2388.22,8160.32,8.4867,0.03,396,2388,100.0,38.63,23.1989,518.67,643.5879999999994,1600.7740000000017,1422.7179999999994,14.62,21.609999999999992,551.718,2388.208,9086.046000000008,1.3,47.980000000000025,520.124,2388.196000000002,8158.082,8.501879999999993,0.03,396.2,2388.0,100.0,38.561999999999976,23.16446000000001,0.0,0.3137992989145013,5.259441985611622,3.2059585150086067,0.0,0.0,0.3351417610452101,0.0383405790138959,4.9834004454750565,0.0,0.1137980667671358,0.2683840531729202,0.0304959013717724,3.2740830777394607,0.0229310270158118,0.0,0.8366600265341664,0.0,0.0,0.1231665539015939,0.0767353438775354,8,1,2
69,54,-0.0029,-0.0003,100.0,518.67,642.31,1593.68,1403.96,14.62,21.61,553.66,2388.12,9048.62,1.3,47.37,521.84,2388.16,8128.39,8.4387,0.03,393,2388,100.0,38.95,23.1958,518.67,642.2379999999998,1589.5039999999997,1402.3860000000016,14.62,21.61,553.4420000000002,2388.1100000000006,9045.748000000003,1.3,47.44600000000003,521.7940000000001,2388.112000000001,8130.147999999998,8.427539999999995,0.03,392.2,2388.0,100.0,38.90400000000002,23.26468000000001,0.0,0.4716672555944169,4.475927836773323,2.727376028346756,0.0,0.0,0.3206555784640806,0.0282842712471136,2.4682929323707947,0.0,0.0896102672688788,0.1660722734236966,0.037013511046211,5.032208262780705,0.0165398911725553,0.0,0.447213595499973,0.0,0.0,0.1260158720161814,0.0481022036917275,121,0,0
70,152,0.002,-0.0001,100.0,518.67,642.71,1588.56,1406.49,14.62,21.61,553.01,2388.1,9054.84,1.3,47.67,521.65,2388.11,8133.88,8.4349,0.03,394,2388,100.0,38.85,23.2231,518.67,642.8940000000007,1589.5300000000009,1407.9220000000014,14.62,21.61,553.3679999999998,2388.0999999999995,9055.725999999991,1.3,47.58399999999996,521.4499999999992,2388.1300000000037,8135.102000000011,8.44781999999999,0.03,392.8,2388.0,100.0,38.80600000000004,23.27365999999996,0.0,0.4083258502712562,2.252332124709292,2.3935057969409965,0.0,0.0,0.2765320957860845,0.0244948974292243,3.634230317407576,0.0,0.0638748776907393,0.5338070812564192,0.0291547594686874,4.46671243757717,0.0117569979161312,0.0,0.8366600265342047,0.0,0.0,0.0730068489936986,0.0506274925312135,94,0,0
71,68,0.0021,0.0003,100.0,518.67,642.52,1585.45,1400.97,14.62,21.61,553.17,2388.01,9068.53,1.3,47.35,522.42,2388.08,8146.19,8.4386,0.03,391,2388,100.0,38.93,23.3188,518.67,642.3739999999997,1585.5320000000004,1400.6599999999994,14.62,21.608,553.9639999999998,2388.048,9068.298000000004,1.3,47.32800000000001,522.2719999999997,2388.0520000000006,8147.274,8.417239999999996,0.03,392.0,2388.0,100.0,38.882000000000026,23.363000000000017,0.0,0.2494594155368398,4.847707705710162,1.9755632108350123,0.0,0.0044721359549988,0.7036192152006898,0.0356370593628626,3.972633886982848,0.0,0.0630079360080872,0.2855170747958599,0.0311448230034378,3.245986752900091,0.0127825271366785,0.0,0.9999999999999964,0.0,0.0,0.0892748564826646,0.0584692654306656,118,0,0
72,131,0.0002,-0.0004,100.0,518.67,642.9,1588.49,1410.57,14.62,21.61,553.52,2388.11,9072.03,1.3,47.69,521.47,2388.09,8149.27,8.445,0.03,394,2388,100.0,38.91,23.2905,518.67,642.6700000000008,1587.743999999999,1409.1539999999998,14.62,21.610000000000007,553.2739999999998,2388.086000000002,9068.26,1.3,47.59999999999999,521.4080000000001,2388.092000000001,8147.994000000003,8.43378000000001,0.03,393.2,2388.0,100.0,38.85600000000004,23.32437999999998,0.0,0.4034848200373825,3.9424205762447673,5.096810767531348,0.0,0.0,0.4353504335610956,0.0336154726234301,3.115950898210743,0.0,0.0561248608014394,0.2914961406268317,0.0389871773785462,1.948417306422547,0.0148015877526649,0.0,1.3038404810405853,0.0,0.0,0.1432829368766315,0.0412828899181913,50,0,0
73,112,0.0056,0.0002,100.0,518.67,642.27,1576.93,1398.62,14.62,21.61,554.41,2388.08,9051.39,1.3,47.25,522.02,2388.05,8136.87,8.4317,0.03,393,2388,100.0,38.95,23.3074,518.67,642.356,1583.9040000000027,1402.6079999999995,14.62,21.610000000000007,554.1300000000002,2388.0540000000005,9058.377999999992,1.3,47.35600000000003,521.932,2388.073999999998,8137.524000000012,8.420800000000005,0.03,392.6,2388.0,100.0,38.882000000000026,23.341040000000028,0.0,0.3234656086817337,4.730061310385442,4.647727401645073,0.0,0.0,0.2108316864232587,0.016733200530673,4.242684291826619,0.0,0.1295376393176874,0.240769599410338,0.0181659021246784,2.021912461015255,0.0137018246960101,0.0,1.1401754250989622,0.0,0.0,0.0576194411635624,0.0765049867655659,131,0,0
74,137,0.0017,-0.0004,100.0,518.67,642.61,1595.16,1406.15,14.62,21.61,552.44,2388.1,9063.35,1.3,47.54,521.39,2388.07,8139.59,8.4362,0.03,392,2388,100.0,38.79,23.201,518.67,642.7560000000001,1592.0760000000005,1407.890000000001,14.62,21.61,553.4999999999998,2388.086000000001,9058.219999999996,1.3,47.51399999999999,521.3160000000007,2388.1040000000003,8140.973999999999,8.453840000000003,0.03,392.6,2388.0,100.0,38.80000000000001,23.25902000000001,0.0,0.2123205124338611,3.4620629688092976,4.789911272664426,0.0,0.0,0.6697760819854816,0.0230217288658505,3.376618130610104,0.0,0.0665582451690929,0.305908483047314,0.0415932686878759,3.8489453100797673,0.0164478874023297,0.0,0.5477225575053062,0.0,0.0,0.045825756949521,0.0484846058043207,126,0,0
75,88,0.0036,0.0001,100.0,518.67,642.13,1594.47,1403.3,14.62,21.61,554.11,2388.12,9051.28,1.3,47.4,521.52,2388.1,8132.14,8.4316,0.03,392,2388,100.0,38.98,23.4919,518.67,642.1899999999998,1588.1220000000012,1404.6239999999991,14.62,21.609999999999992,553.4780000000003,2388.0820000000003,9055.387999999995,1.3,47.46199999999999,521.8400000000004,2388.0739999999987,8138.069999999998,8.42756,0.03,392.6,2388.0,100.0,38.89199999999997,23.36083999999999,0.0,0.3563705936239711,3.776661223885588,5.5296500793448455,0.0,4.2323814535712574e-09,0.5451330112915507,0.027748873852227,3.935723567524252,0.0,0.1608415369237573,0.4205948168960787,0.0194935886874802,3.920497417420369,0.0211547394216974,0.0,1.140175425099174,0.0,0.0,0.0554075807087623,0.0810631112158953,113,0,0
76,205,0.0004,0.0002,100.0,518.67,643.14,1603.48,1420.07,14.62,21.61,551.82,2388.18,9114.99,1.3,48.04,520.19,2388.14,8182.45,8.5125,0.03,395,2388,100.0,38.46,23.0737,518.67,643.4620000000011,1601.1779999999992,1424.9520000000018,14.62,21.610000000000007,552.1340000000001,2388.1499999999987,9108.978000000006,1.3,47.99400000000008,520.1700000000004,2388.155999999999,8180.953999999998,8.50778,0.03,396.0,2388.0,100.0,38.49399999999998,23.09143999999996,0.0,0.4071486215134461,2.019868807619688,5.118155917900835,0.0,0.0,0.3426806093167993,0.024494897426192,3.550594316560036,0.0,0.1031018913502111,0.3056959273536229,0.0304959013791515,2.597196565631673,0.0207889874692743,0.0,0.7071067811853818,0.0,0.0,0.1393915348936361,0.0204306877025273,10,1,2
77,162,-0.0027,0.0003,100.0,518.67,642.79,1593.81,1418.62,14.62,21.61,552.24,2388.25,9045.43,1.3,47.81,520.16,2388.21,8128.16,8.4543,0.03,396,2388,100.0,38.75,23.1712,518.67,642.8619999999997,1593.2319999999972,1415.1320000000032,14.62,21.610000000000007,552.3979999999998,2388.1940000000027,9044.556,1.3,47.74800000000002,520.6260000000001,2388.1939999999986,8126.909999999994,8.457259999999996,0.03,394.8,2388.0,100.0,38.74399999999998,23.199160000000045,0.0,0.3750599952006735,5.26422548909038,3.8057942666418594,0.0,0.0,0.3574492971018594,0.0364691650564982,3.643820796925293,0.0,0.1231665539015894,0.3594857438074492,0.0230217288592045,1.7308379473695843,0.0154312345585583,0.0,0.8366600265341919,0.0,0.0,0.051283525619837,0.0725677132063299,34,0,0
78,72,-0.0034,0.0003,100.0,518.67,641.78,1580.66,1389.33,14.62,21.61,554.93,2387.99,9062.94,1.3,47.2,522.51,2387.96,8148.46,8.3793,0.03,391,2388,100.0,39.0,23.2748,518.67,642.0999999999996,1583.735999999999,1395.2000000000005,14.62,21.608,554.8659999999999,2387.9859999999994,9064.284,1.3,47.10400000000004,522.4459999999999,2387.9900000000025,8150.135999999999,8.399840000000001,0.03,390.8,2388.0,100.0,39.074,23.41156,0.0,0.2405202694163134,4.181845286473558,6.479733790828199,0.0,0.0044721359549978,0.1916507239745642,0.0270185121728865,4.574393948923538,0.0,0.1238143771942399,0.0904433524367036,0.029154759474122,2.305109541864856,0.0167198385159623,0.0,0.8366600265341303,0.0,0.0,0.0622896460095682,0.0781944243536616,107,0,0
79,101,-0.0031,-0.0001,100.0,518.67,642.43,1590.94,1405.39,14.62,21.61,553.4,2388.15,9040.39,1.3,47.66,521.55,2388.14,8125.55,8.4516,0.03,393,2388,100.0,38.72,23.287,518.67,642.5459999999999,1587.9719999999986,1406.2299999999998,14.62,21.610000000000007,553.682,2388.099999999999,9043.984000000002,1.3,47.474000000000046,521.5079999999999,2388.0960000000005,8125.700000000003,8.440939999999987,0.03,392.6,2388.0,100.0,38.86599999999999,23.32022,0.0,0.2013206397769796,4.215977941118462,3.569474751276299,0.0,0.0,0.3359613072957979,0.0418330013276834,3.614910787270911,0.0,0.109453186340105,0.130076900333012,0.0320936130710602,2.596719083766596,0.0172888114108539,0.0,0.8944271909999302,0.0,0.0,0.1059716943339198,0.0416412295687791,63,0,0
80,133,-0.0029,0.0001,100.0,518.67,642.64,1591.41,1407.15,14.62,21.61,552.63,2388.11,9069.7,1.3,47.57,521.05,2388.02,8142.89,8.4671,0.03,393,2388,100.0,38.69,23.2813,518.67,642.6919999999998,1590.6199999999994,1408.376000000001,14.62,21.610000000000007,553.2639999999996,2388.109999999998,9067.13,1.3,47.51599999999995,521.3119999999999,2388.0780000000022,8143.433999999991,8.445260000000006,0.03,392.8,2388.0,100.0,38.8,23.294759999999968,0.0,0.2339230642758101,4.295113502574563,1.836989384833591,0.0,0.0,0.4587264980348809,0.0158113882998112,4.9127538102411386,0.0,0.146047937335668,0.3692830892412092,0.0370135110461112,3.441660936235553,0.0126007142654518,0.0,0.4472135954996274,0.0,0.0,0.0651920240519838,0.0511467789797165,90,0,0
81,213,-0.0027,0.0003,100.0,518.67,643.49,1598.35,1427.83,14.62,21.61,551.53,2388.2,9075.26,1.3,48.11,519.67,2388.22,8148.37,8.4987,0.03,397,2388,100.0,38.46,23.1537,518.67,643.435999999999,1599.0040000000004,1427.6780000000022,14.62,21.610000000000007,551.2360000000002,2388.2160000000013,9077.585999999996,1.3,48.032000000000025,519.7180000000003,2388.192000000002,8150.399999999999,8.506620000000003,0.03,396.0,2388.0,100.0,38.446000000000026,23.130459999999967,0.0,0.1944993573271578,3.161776399437703,2.6608025105341757,0.0,0.0,0.1886266152971176,0.0304959013644834,3.054550703424034,0.0,0.0947100839402625,0.3194056981321896,0.0454972526649234,3.0800324673591213,0.0094155191040915,0.0,0.7071067811873438,0.0,0.0,0.1059716943340859,0.0592435903707066,8,1,2
82,162,-0.0016,0.0,100.0,518.67,643.57,1597.99,1427.69,14.62,21.61,551.15,2388.2,9058.64,1.3,48.08,520.02,2388.29,8126.2,8.5028,0.03,397,2388,100.0,38.62,23.1211,518.67,643.3780000000003,1595.9319999999989,1422.141999999997,14.62,21.610000000000007,551.9499999999994,2388.2280000000005,9051.324000000004,1.3,48.08,519.9300000000005,2388.254,8127.331999999999,8.50891999999999,0.03,395.4,2388.0,100.0,38.54199999999994,23.181039999999975,0.0,0.2245439823273615,4.039160803927731,3.846033021180205,0.0,0.0,0.4971418308687309,0.0454972526739643,4.426921051935273,0.0,0.0997496867163646,0.1948075973958892,0.0296647939621784,2.414895442872166,0.0112755044233463,0.0,1.3416407864999482,0.0,0.0,0.0852642949891705,0.0549554637865481,9,1,2
83,73,-0.0024,0.0002,100.0,518.67,642.81,1594.68,1406.9,14.62,21.61,553.87,2388.06,9058.7,1.3,47.2,521.67,2388.09,8141.38,8.4309,0.03,392,2388,100.0,38.74,23.3021,518.67,642.5859999999999,1588.6899999999996,1402.4960000000003,14.62,21.61,554.3579999999995,2388.0660000000025,9058.824,1.3,47.38599999999995,521.86,2388.0599999999995,8140.986,8.416440000000005,0.03,392.6,2388.0,100.0,38.89599999999998,23.372619999999998,0.0,0.21938550544648,4.330265580770038,4.674957753819906,0.0,0.0,0.6290230520421382,0.0288097205831558,4.483155138958941,0.0,0.117175082675451,0.2014944167957502,0.0374165738684401,2.327494360894557,0.0168929867104687,0.0,0.547722557505556,0.0,0.0,0.1860913754046584,0.0858817326327276,137,0,0
84,172,0.0015,0.0001,100.0,518.67,643.39,1588.7,1412.73,14.62,21.61,552.47,2388.16,9050.57,1.3,47.6,520.88,2388.22,8130.61,8.4791,0.03,395,2388,100.0,38.62,23.2039,518.67,642.756,1592.9000000000017,1411.2439999999997,14.62,21.610000000000007,552.5240000000002,2388.1499999999965,9048.334,1.3,47.65799999999997,520.8720000000003,2388.161999999997,8131.068000000002,8.456440000000008,0.03,394.0,2388.0,100.0,38.74,23.21514000000008,0.0,0.449644303867083,4.386199949840873,3.619707170475766,0.0,0.0,0.4563770371077716,0.0200000000032877,2.637817279476692,0.0,0.0563027530409453,0.193313217345674,0.0601664358249185,2.9635232410129864,0.0289687417745414,0.0,1.2247448713915383,0.0,0.0,0.0886002257333191,0.0518848050974215,58,0,0
85,34,0.0014,-0.0005,100.0,518.67,642.58,1582.94,1413.22,14.62,21.61,553.55,2388.07,9045.23,1.3,47.73,521.43,2388.09,8126.6,8.4228,0.03,393,2388,100.0,38.84,23.3107,518.67,642.742,1589.0120000000002,1405.875999999999,14.62,21.61,553.1920000000001,2388.0899999999992,9049.254000000004,1.3,47.51599999999998,521.4920000000002,2388.1140000000005,8129.789999999998,8.425300000000004,0.03,392.8,2388.0,100.0,38.856000000000016,23.238419999999984,0.0,0.2873499608490201,5.165793259510133,6.150177233218968,0.0,0.0,0.2547940344668444,0.024494897428771,2.6988849549407643,0.0,0.1207476707849835,0.3225988220684446,0.028809720582285,2.085329710141147,0.0087635609200826,0.0,1.0954451150103337,0.0,0.0,0.0879204185613367,0.0696730722732974,118,0,0
86,110,-0.0012,0.0004,100.0,518.67,643.07,1586.29,1404.83,14.62,21.61,553.65,2388.05,9074.53,1.3,47.52,521.52,2388.13,8148.14,8.45,0.03,394,2388,100.0,38.94,23.2484,518.67,642.898,1586.9520000000005,1406.1500000000003,14.62,21.61,553.5300000000001,2388.0639999999994,9066.589999999997,1.3,47.42400000000004,521.546,2388.100000000001,8145.828000000003,8.440180000000003,0.03,392.6,2388.0,100.0,38.844,23.309480000000004,0.0,0.2415988410566049,3.042469391794351,2.395203540410299,0.0,0.0,0.2006240264762327,0.0151657508889813,4.795826310452942,0.0,0.0814248119433091,0.2085185843030836,0.0387298334616664,2.1974234912701083,0.0189104997289917,0.0,1.3416407864998807,0.0,0.0,0.1234098861517961,0.0456874928180718,89,0,0
87,56,-0.0019,0.0005,100.0,518.67,642.18,1584.33,1391.48,14.62,21.61,554.39,2388.04,9056.99,1.3,47.4,522.15,2388.02,8146.94,8.4313,0.03,393,2388,100.0,38.89,23.2605,518.67,642.1479999999999,1585.836000000001,1397.226,14.62,21.609999999999992,554.3040000000005,2388.04,9059.681999999995,1.3,47.298000000000016,522.1460000000002,2388.0440000000003,8142.170000000004,8.418000000000005,0.03,392.2,2388.0,100.0,38.98799999999999,23.37482,0.0,0.3762578902823566,6.274964541732587,3.6572298259751705,0.0,4.728096185986014e-09,0.4789363214457597,0.0254950975681168,3.297312542059374,0.0,0.0889943818451663,0.3303483010402403,0.0288097205818088,4.446504244909903,0.0300808078348978,0.0,0.8366600265341961,0.0,0.0,0.0715541752799935,0.0707527879309429,116,0,0
88,68,0.0021,0.0005,100.0,518.67,642.91,1593.67,1405.22,14.62,21.61,553.68,2388.14,9046.75,1.3,47.39,521.69,2388.18,8127.79,8.4101,0.03,394,2388,100.0,38.8,23.4181,518.67,642.9259999999997,1588.374000000001,1408.816,14.62,21.61,553.3820000000003,2388.152000000001,9042.624000000003,1.3,47.59199999999999,521.268,2388.1400000000003,8123.439999999997,8.44868,0.03,393.2,2388.0,100.0,38.812,23.321899999999992,0.0,0.3576730350475863,5.114482378501134,3.1844983906416013,0.0,0.0,0.2524282076151253,0.0130384048095054,3.2086882054817965,0.0,0.1362717872488735,0.368334087480203,0.0264575131102985,4.35260841335398,0.0230480367927513,0.0,0.8366600265342089,0.0,0.0,0.1130044246921457,0.0784348455726151,115,0,0
89,177,0.001,-0.0003,100.0,518.67,642.91,1588.94,1407.43,14.62,21.61,553.18,2388.08,9057.58,1.3,47.36,521.47,2388.12,8130.76,8.4575,0.03,395,2388,100.0,38.82,23.235,518.67,642.8899999999999,1589.3179999999993,1407.8840000000005,14.62,21.61,553.3400000000004,2388.097999999999,9053.052,1.3,47.44999999999997,521.2560000000005,2388.127999999999,8133.040000000003,8.437439999999992,0.03,393.8,2388.0,100.0,38.82399999999998,23.274819999999973,0.0,0.2390606617582204,2.9606705321588165,3.558234112590293,0.0,0.0,0.2689795531266987,0.0349284983949076,4.178776136630948,0.0,0.0924662100445248,0.1916507239738322,0.0130384048055963,1.496863387189881,0.0163762938420155,0.0,1.3038404810402069,0.0,0.0,0.0844393273303149,0.0384352962782904,136,0,0
90,146,-0.0011,0.0003,100.0,518.67,643.45,1587.78,1418.85,14.62,21.61,552.31,2388.19,9087.59,1.3,48.0,521.32,2388.09,8156.46,8.4686,0.03,393,2388,100.0,38.6,23.1409,518.67,643.1639999999996,1594.2200000000007,1419.7540000000024,14.62,21.61,552.628,2388.166000000004,9083.887999999995,1.3,47.968,520.6020000000001,2388.1200000000017,8156.611999999996,8.469739999999993,0.03,394.6,2388.0,100.0,38.640000000000015,23.135180000000013,0.0,0.3986602563587596,6.885633594665165,4.853882981697371,0.0,0.0,0.5042519211659341,0.0260768096212795,3.410772639870636,0.0,0.1015874007934573,0.527181183275353,0.0273861278769063,2.153803612188808,0.01458639777326,0.0,1.1401754250992489,0.0,0.0,0.0966953980290383,0.0539350257254564,28,1,1
91,234,-0.0003,0.0001,100.0,518.67,643.18,1605.05,1419.74,14.62,21.61,552.22,2388.2,9052.13,1.3,48.01,520.96,2388.21,8123.71,8.5104,0.03,395,2388,100.0,38.73,23.2522,518.67,643.3259999999998,1597.5820000000017,1417.7220000000002,14.62,21.61,552.0100000000004,2388.2140000000027,9049.765999999983,1.3,47.96200000000006,520.1040000000008,2388.224000000001,8126.663999999997,8.488259999999993,0.03,394.4,2388.0,100.0,38.61199999999998,23.12128000000001,0.0,0.2364952430816359,5.183369560431655,3.363624533149635,0.0,0.0,0.3217918581930288,0.026076809626813,2.8054464885462465,0.0,0.0396232255119934,0.5250047618828119,0.0328633534483316,3.5239438134023184,0.0227295622483053,0.0,0.5477225575058057,0.0,0.0,0.113885907820056,0.0929405831701141,38,0,0
92,150,-0.001,-0.0004,100.0,518.67,644.03,1597.06,1414.07,14.62,21.61,550.88,2388.23,9049.25,1.3,47.98,520.17,2388.19,8122.89,8.4804,0.03,394,2388,100.0,38.53,23.1211,518.67,643.1779999999997,1596.3680000000015,1420.522000000001,14.62,21.61,551.7040000000001,2388.2160000000003,9048.137999999995,1.3,48.009999999999934,520.258,2388.2240000000006,8123.536000000003,8.484439999999996,0.03,395.4,2388.0,100.0,38.55,23.15868000000002,0.0,0.5210278303511799,3.9260501779805583,4.00536764854651,0.0,0.0,0.5440404396751714,0.020736441355807,2.4783300829200416,0.0,0.0874642784227513,0.3721155734432722,0.0304959013566724,2.3047950017272787,0.0160303774128957,0.0,1.341640786500266,0.0,0.0,0.0587367006223251,0.0553899088282363,20,1,1
93,244,-0.0019,-0.0003,100.0,518.67,643.02,1598.84,1416.19,14.62,21.61,552.86,2388.15,9074.82,1.3,47.67,520.66,2388.14,8155.63,8.4826,0.03,392,2388,100.0,38.7,23.1944,518.67,643.0660000000001,1594.7240000000002,1417.6859999999992,14.62,21.61,552.3320000000002,2388.1340000000005,9078.880000000008,1.3,47.73399999999997,520.7319999999996,2388.144000000001,8154.142000000004,8.489220000000003,0.03,394.0,2388.0,100.0,38.67400000000004,23.20116000000004,0.0,0.5152475133370414,2.8917261281114333,2.4252072076498847,0.0,0.0,0.4896631495225466,0.0482700735449133,4.267944470150364,0.0,0.0439317652731136,0.2324220299349855,0.0250998007974896,1.6469881602800027,0.0161352719221322,0.0,1.2247448713916065,0.0,0.0,0.0853229160308811,0.0505065144312865,85,0,0
94,133,0.0008,0.0001,100.0,518.67,642.77,1589.5,1420.94,14.62,21.61,552.78,2388.17,9051.22,1.3,47.81,520.62,2388.13,8133.36,8.5167,0.03,393,2388,100.0,38.63,23.2933,518.67,642.7779999999999,1594.4679999999985,1414.9819999999995,14.62,21.61,552.6119999999999,2388.157999999999,9058.074,1.3,47.696000000000005,520.9199999999997,2388.140000000001,8133.992,8.473760000000002,0.03,393.6,2388.0,100.0,38.69399999999999,23.202440000000013,0.0,0.1130044246912953,5.538494380244521,4.22354353594223,0.0,0.0,0.2730750812510125,0.0258843582060242,5.028133848651602,0.0,0.08619744775801,0.3577708764003955,0.0264575131121558,2.2474029456248465,0.0288274695386027,0.0,0.5477225575053711,0.0,0.0,0.1537205256301141,0.094702550124045,55,0,0
95,89,0.0001,0.0004,100.0,518.67,641.97,1586.25,1398.61,14.62,21.61,553.47,2388.08,9052.14,1.3,47.42,521.95,2388.1,8135.14,8.4294,0.03,394,2388,100.0,38.94,23.3458,518.67,642.3280000000003,1585.4579999999985,1403.1119999999994,14.62,21.608000000000008,553.4580000000003,2388.082,9050.49,1.3,47.42800000000004,521.7199999999999,2388.050000000001,8132.858,8.427139999999993,0.03,393.0,2388.0,100.0,38.93400000000004,23.342859999999984,0.0,0.5455914222199149,3.1263189216710696,4.251749051861247,0.0,0.0044721359549988,0.2940578174442232,0.0178885438166767,2.770875312976238,0.0,0.0563027530410801,0.3181194744112454,0.03162277660185,3.486419366629432,0.0084292941578783,0.0,0.9999999999999876,0.0,0.0,0.0746993975879354,0.0496683802836336,128,0,0
96,97,-0.0006,0.0003,100.0,518.67,642.3,1590.88,1397.94,14.62,21.61,553.99,2388.03,9062.41,1.3,47.14,522.3,2388.01,8148.24,8.411,0.03,391,2388,100.0,38.96,23.4606,518.67,642.2740000000006,1588.696000000002,1399.8599999999994,14.62,21.609999999999992,554.3219999999995,2388.028,9069.903999999991,1.3,47.259999999999934,522.3079999999995,2388.0380000000014,8149.114000000003,8.41294,0.03,392.0,2388.0,100.0,39.02,23.37366,0.0,0.1320227253160359,6.148636434202218,4.033088146816915,0.0,4.2323814535712574e-09,0.3654722971717951,0.0109544511516016,4.7984299515601005,0.0,0.1226784414638469,0.2308029462553568,0.0383405790265951,3.7892519050597686,0.0188998148139051,0.0,0.9999999999999788,0.0,0.0,0.0620483682299388,0.0727512405392508,137,0,0
97,134,0.0013,-0.0001,100.0,518.67,642.59,1582.96,1410.92,14.62,21.61,554.05,2388.06,9076.36,1.3,47.38,521.58,2388.06,8155.48,8.45,0.03,395,2388,100.0,38.61,23.2953,518.67,642.4740000000002,1586.958000000002,1403.137999999999,14.62,21.610000000000007,553.9400000000003,2388.0460000000007,9078.601999999992,1.3,47.384,521.7219999999998,2388.052000000001,8153.289999999994,8.425780000000001,0.03,393.6,2388.0,100.0,38.804000000000045,23.35935999999998,0.0,0.2784420945191624,3.9671929622842974,4.916626892495644,0.0,0.0,0.4011857425185818,0.0181659021248875,4.1241205123056375,0.0,0.0934344690143566,0.2168409555409631,0.0130384048128733,4.418517851043797,0.0188015158963242,0.0,1.341640786499984,0.0,0.0,0.162419210686431,0.0545581158032461,82,0,0
98,121,0.0017,0.0001,100.0,518.67,642.68,1599.51,1415.47,14.62,21.61,553.44,2388.13,9062.34,1.3,47.66,521.53,2388.09,8146.39,8.4235,0.03,394,2388,100.0,38.76,23.3608,518.67,642.744,1593.5779999999993,1411.744000000001,14.62,21.610000000000007,553.2459999999998,2388.113999999999,9063.680000000004,1.3,47.61399999999997,521.3620000000004,2388.116,8141.980000000003,8.459480000000003,0.03,394.0,2388.0,100.0,38.76400000000001,23.30790000000004,0.0,0.2493591786966369,4.324016651216779,4.81548336099413,0.0,0.0,0.1596245595147044,0.0151657508884109,2.6542136312023543,0.0,0.116747590981525,0.3258373827543752,0.015165750885538,3.216822966843749,0.0216763004223631,0.0,0.7071067811866606,0.0,0.0,0.0364691650575542,0.059368004851094,59,0,0
99,97,0.0047,-0.0,100.0,518.67,642.0,1585.03,1397.98,14.62,21.61,554.75,2388.01,9067.16,1.3,47.26,521.82,2388.02,8150.38,8.4003,0.03,391,2388,100.0,38.95,23.3595,518.67,642.3699999999998,1584.4060000000002,1399.4899999999984,14.62,21.610000000000007,554.3719999999996,2388.0040000000017,9067.76000000001,1.3,47.19400000000003,521.972,2388.0239999999985,8152.418000000005,8.399119999999998,0.03,391.0,2388.0,100.0,38.99400000000001,23.39449999999999,0.0,0.296816441593161,1.90170449860023,2.7439023306254136,0.0,0.0,0.4878216887350156,0.0181659021227331,4.0393068712386695,0.0,0.0712741187248676,0.3537937252121966,0.0207364413571008,4.816266188655028,0.0161194602887353,0.0,0.7071067811865275,0.0,0.0,0.0782943165242414,0.0785086937860946,117,0,0
100,198,0.0013,0.0003,100.0,518.67,642.95,1601.62,1424.99,14.62,21.61,552.48,2388.06,9155.03,1.3,47.8,521.07,2388.05,8214.64,8.4903,0.03,396,2388,100.0,38.7,23.1855,518.67,643.2220000000002,1596.9799999999984,1417.8019999999992,14.62,21.610000000000007,553.1040000000005,2388.061999999996,9146.748,1.3,47.65399999999994,521.0640000000004,2388.0520000000006,8215.297999999995,8.4682,0.03,395.0,2388.0,100.0,38.64000000000002,23.22699999999997,0.0,0.175556258783895,3.461343669722891,7.014140717150263,0.0,0.0,0.3779285646786748,0.0327108544683549,5.678936520011481,0.0,0.0928977933001484,0.2368121618473308,0.0356370593611742,3.705215243520111,0.0152019735561203,0.0,0.7071067811878036,0.0,0.0,0.0484767985742139,0.043094199145629,20,1,1
